/* ==================== tabCategoria ==================== */

INSERT INTO tabCategoria
  VALUES ("Acessórios");

INSERT INTO tabCategoria
  VALUES ("Bateria");

INSERT INTO tabCategoria
  VALUES ("Elétrica");

INSERT INTO tabCategoria
  VALUES ("Mecânica");

INSERT INTO tabCategoria
  VALUES ("Pneus e Rodas");
  
INSERT INTO tabCategoria
  VALUES ("Suspensão");

/* ==================== tabFornecedor ==================== */

INSERT INTO tabFornecedor
  VALUES ("DHF");

INSERT INTO tabFornecedor
  VALUES ("Fort Peças");

INSERT INTO tabFornecedor
  VALUES ("Autodrive");

INSERT INTO tabFornecedor
  VALUES ("Vibrasil");

INSERT INTO tabFornecedor
  VALUES ("Amalcaburio");

INSERT INTO tabFornecedor
  VALUES ("Bel-Ar");

INSERT INTO tabFornecedor
  VALUES ("Universal Automotive");

INSERT INTO tabFornecedor
  VALUES ("Vannucc Carretas");


INSERT INTO tabFornecedor
  VALUES ("BR Company");

INSERT INTO tabFornecedor
  VALUES ("Efrari Cabos Flexíveis");

INSERT INTO tabFornecedor
  VALUES ("Java Diesel");

INSERT INTO tabFornecedor
  VALUES ("Max Gear");

INSERT INTO tabFornecedor
  VALUES ("Dot-1 Lubrificantes");

INSERT INTO tabFornecedor
  VALUES ("MZK Rolamentos");

INSERT INTO tabFornecedor
  VALUES ("Usinafer");

/* ==================== tabPeca ==================== */

/* ==================== tabCliente ==================== */

INSERT INTO tabCliente
  VALUES (
    "77315366610",
    "Viviette Nekoda Pulnik"
  );

INSERT INTO tabCliente
  VALUES (
    "48785555800",
    "Michel Devadas Sierra"
  );

INSERT INTO tabCliente
  VALUES (
    "41537504924",
    "Athaulf Simeon Küchler"
  );

INSERT INTO tabCliente
  VALUES (
    "31422796280",
    "Lachie Marsha Ruzsa"
  );

INSERT INTO tabCliente
  VALUES (
    "66051711520",
    "Ramsey Herakleitos Zupan"
  );

INSERT INTO tabCliente
  VALUES (
    "67390987359",
    "Dominique Khurshid Moles"
  );

INSERT INTO tabCliente
  VALUES (
    "36014878297",
    "Dareios Seija Ochoa"
  );

INSERT INTO tabCliente
  VALUES (
    "01459794311",
    "Gaiane Ferran Freitas"
  );

INSERT INTO tabCliente
  VALUES (
    "78363466760",
    "Jacinda Siani Herbertsson"
  );

INSERT INTO tabCliente
  VALUES (
    "66812721859",
    "Aslan Fantine Dean"
  );

/* ==================== tabModelo ==================== */

INSERT INTO tabModelo
  VALUES (
    "Siena",
    "1.0"
  );

INSERT INTO tabModelo
  VALUES (
    "Palio",
    "1.0"
  );

INSERT INTO tabModelo
  VALUES (
    "Palio Weekend",
    "1.5"
  );

INSERT INTO tabModelo
  VALUES (
    "Gol",
    "1.0"
  );

INSERT INTO tabModelo
  VALUES (
    "Astra",
    "2.0"
  );

INSERT INTO tabModelo
  VALUES (
    "Fox",
    "1.4"
  );

INSERT INTO tabModelo
  VALUES (
    "Fusion",
    "2.0"
  );

INSERT INTO tabModelo
  VALUES (
    "Veloster",
    "1.6"
  );

INSERT INTO tabModelo
  VALUES (
    "Punto",
    "1.4"
  );

INSERT INTO tabModelo
  VALUES (
    "Brasília Amarela",
    "1.0"
  );

/* ==================== tabVeiculo ==================== */

INSERT INTO tabVeiculo
  VALUES (
    1,
    2001
  );

INSERT INTO tabVeiculo
  VALUES (
    2,
    2001
  );

INSERT INTO tabVeiculo
  VALUES (
    3,
    2005
  );

INSERT INTO tabVeiculo
  VALUES (
    4,
    2000
  );

INSERT INTO tabVeiculo
  VALUES (
    5,
    2009
  );

INSERT INTO tabVeiculo
  VALUES (
    6,
    2011
  );

INSERT INTO tabVeiculo
  VALUES (
    7,
    2013
  );

INSERT INTO tabVeiculo
  VALUES (
    8,
    2014
  );

INSERT INTO tabVeiculo
  VALUES (
    9,
    2007
  );

INSERT INTO tabVeiculo
  VALUES (
    10,
    1977
  );

/* ==================== tabCarro ==================== */

INSERT INTO tabCarro
  VALUES (
    "QWE-1550",
    "77315366610",
    1
  );

INSERT INTO tabCarro
  VALUES (
    "RTY-7942",
    "48785555800",
    2
  );

INSERT INTO tabCarro
  VALUES (
    "UIO-0733",
    "41537504924",
    3
  );

INSERT INTO tabCarro
  VALUES (
    "ASD-0834",
    "31422796280",
    4
  );

INSERT INTO tabCarro
  VALUES (
    "FGH-5675",
    "66051711520",
    5
  );

INSERT INTO tabCarro
  VALUES (
    "JKL-9016",
    "67390987359",
    6
  );

INSERT INTO tabCarro
  VALUES (
    "ZXC-5327",
    "36014878297",
    7
  );

INSERT INTO tabCarro
  VALUES (
    "VBN-1138",
    "01459794311",
    8
  );

INSERT INTO tabCarro
  VALUES (
    "QAZ-6059",
    "78363466760",
    9
  );

INSERT INTO tabCarro
  VALUES (
    "WSX-5830",
    "66812721859",
    10
  );

/* ==================== tabCompativel ==================== */

/* ==================== tabFuncionarioCadastro ==================== */

INSERT INTO tabFuncionarioCadastro
  VALUES (
    "20421763388",
    "Permelia Fionnán Reis"
  );

INSERT INTO tabFuncionarioCadastro
  VALUES (
    "",
    ""
  );

INSERT INTO tabFuncionarioCadastro
  VALUES (
    "",
    ""
  );

INSERT INTO tabFuncionarioCadastro
  VALUES (
    "",
    ""
  );

INSERT INTO tabFuncionarioCadastro
  VALUES (
    "",
    ""
  );

INSERT INTO tabFuncionarioCadastro
  VALUES (
    "",
    ""
  );

INSERT INTO tabFuncionarioCadastro
  VALUES (
    "",
    ""
  );

INSERT INTO tabFuncionarioCadastro
  VALUES (
    "",
    ""
  );

INSERT INTO tabFuncionarioCadastro
  VALUES (
    "",
    ""
  );

INSERT INTO tabFuncionarioCadastro
  VALUES (
    "",
    ""
  );
