<?xml version="1.0" encoding="UTF-8"?>
<project-private xmlns="http://www.netbeans.org/ns/project-private/1">
    <editor-bookmarks xmlns="http://www.netbeans.org/ns/editor-bookmarks/2" lastBookmarkId="0"/>
    <open-files xmlns="http://www.netbeans.org/ns/projectui-open-files/2">
        <group>
            <file>file:/home/ggois/NetBeansProjects/turbo-octo-stock/src/java/util/ConnectionFactory.java</file>
            <file>file:/home/ggois/NetBeansProjects/turbo-octo-stock/src/java/model/PecaBean.java</file>
            <file>file:/home/ggois/NetBeansProjects/turbo-octo-stock/script/bd/estrutura/big-bang.sql</file>
            <file>file:/home/ggois/NetBeansProjects/turbo-octo-stock/src/java/dao/PecaDao.java</file>
            <file>file:/home/ggois/NetBeansProjects/turbo-octo-stock/src/java/dao/AbstractDao.java</file>
        </group>
    </open-files>
</project-private>
